scenario,variant,baseline_ref,enc_ap,user_ap,implementation_user_ap,y_relation,user_rights,user_key_bytes,ciphertext_rights_hex,ciphertext_bytes,decryption_result,iterations,total_ns,mean_ns,batch_id,order_position
classic,lp-covercrypt,089a548,"CTR::EN","DPT::MKG && CTR::FR","DPT::MKG && CTR::FR",different,4,307,"08",178,failure,300,52882695,176275.650,1,2
classic,lp-covercrypt,089a548,"CTR::EN","DPT::$ && CTR::EN","DPT::$ && CTR::EN",different,8,453,"08",178,success,300,68942108,229807.027,1,2
classic,lp-covercrypt,089a548,"CTR::EN","SEC::MED && CTR::FR","SEC::MED && CTR::FR",different,6,380,"08",178,failure,300,65264420,217548.067,1,2
classic,lp-covercrypt,089a548,"CTR::FR","CTR::$","CTR::$",different,4,306,"09",178,success,300,50795279,169317.597,1,2
classic,lp-covercrypt,089a548,"CTR::FR","DPT::DEV && CTR::EN","DPT::DEV && CTR::EN",different,4,307,"09",178,failure,300,49275799,164252.663,1,2
classic,lp-covercrypt,089a548,"CTR::FR","SEC::MED && DPT::$ && CTR::FR","SEC::MED && DPT::$ && CTR::FR",same,24,1049,"09",178,success,300,140695630,468985.433,1,2
classic,lp-covercrypt,089a548,"CTR::FR","SEC::HIG && CTR::FR","SEC::HIG && CTR::FR",different,8,453,"09",178,success,300,71997319,239991.063,1,2
classic,lp-covercrypt,089a548,"DPT::DEV","SEC::MED && DPT::$ && CTR::EN","SEC::MED && DPT::$ && CTR::EN",same,24,1049,"05",178,success,300,141058050,470193.500,1,2
classic,lp-covercrypt,089a548,"DPT::DEV && CTR::EN","DPT::DEV && CTR::$","DPT::DEV && CTR::$",different,8,453,"0508",178,success,300,68251803,227506.010,1,2
classic,lp-covercrypt,089a548,"DPT::DEV && CTR::EN","DPT::MKG && CTR::FR","DPT::MKG && CTR::FR",different,4,307,"0508",178,failure,300,50417471,168058.237,1,2
classic,lp-covercrypt,089a548,"DPT::DEV && CTR::EN","DPT::$ && CTR::EN","DPT::$ && CTR::EN",different,8,453,"0508",178,success,300,67442005,224806.683,1,2
classic,lp-covercrypt,089a548,"DPT::DEV && CTR::EN","SEC::MED && DPT::DEV && CTR::$","SEC::MED && DPT::DEV && CTR::$",same,24,1049,"0508",178,success,300,135996785,453322.617,1,2
classic,lp-covercrypt,089a548,"DPT::DEV && CTR::FR","SEC::$ && DPT::$ && CTR::EN","SEC::$ && DPT::$ && CTR::EN",same,40,1645,"0509",178,failure,300,344880068,1149600.227,1,2
classic,lp-covercrypt,089a548,"DPT::DEV && CTR::$","DPT::DEV && CTR::$","DPT::DEV && CTR::$",different,8,453,"0507",178,success,300,67225629,224085.430,1,2
classic,lp-covercrypt,089a548,"DPT::DEV && CTR::$","SEC::LOW && DPT::$ && CTR::$","SEC::LOW && DPT::$ && CTR::$",same,32,1347,"0507",178,success,300,159544976,531816.587,1,2
classic,lp-covercrypt,089a548,"DPT::MKG && CTR::EN","SEC::$ && DPT::MKG && CTR::EN","SEC::$ && DPT::MKG && CTR::EN",same,20,899,"0608",178,success,300,118976150,396587.167,1,2
classic,lp-covercrypt,089a548,"DPT::MKG && CTR::EN","SEC::$ && DPT::MKG && CTR::$","SEC::$ && DPT::MKG && CTR::$",same,40,1645,"0608",178,success,300,209363924,697879.747,1,2
classic,lp-covercrypt,089a548,"DPT::MKG && CTR::FR","SEC::MED && DPT::DEV && CTR::$","SEC::MED && DPT::DEV && CTR::$",same,24,1049,"0609",178,failure,300,225530910,751769.700,1,2
classic,lp-covercrypt,089a548,"DPT::MKG && CTR::FR","SEC::$ && DPT::$ && CTR::FR","SEC::$ && DPT::$ && CTR::FR",same,40,1645,"0609",178,success,300,187393884,624646.280,1,2
classic,lp-covercrypt,089a548,"DPT::MKG && CTR::$","CTR::FR","CTR::FR",different,2,234,"0607",178,failure,300,34636690,115455.633,1,2
classic,lp-covercrypt,089a548,"DPT::MKG && CTR::$","SEC::MED && DPT::DEV","SEC::MED && DPT::DEV",different,6,380,"0607",178,failure,300,69288989,230963.297,1,2
classic,lp-covercrypt,089a548,"DPT::$ && CTR::FR","SEC::LOW","SEC::LOW",different,2,234,"0409",178,failure,300,34550669,115168.897,1,2
classic,lp-covercrypt,089a548,"DPT::$ && CTR::$","SEC::MED && DPT::MKG && CTR::$","SEC::MED && DPT::MKG && CTR::$",same,24,1049,"0407",178,failure,300,224512429,748374.763,1,2
classic,lp-covercrypt,089a548,"DPT::$ && CTR::$","SEC::HIG && DPT::DEV && CTR::EN","SEC::HIG && DPT::DEV && CTR::EN",same,16,751,"0407",178,failure,300,154649183,515497.277,1,2
classic,lp-covercrypt,089a548,"SEC::LOW","SEC::MED && DPT::DEV","SEC::MED && DPT::DEV",different,6,380,"01",178,success,300,64014415,213381.383,1,2
classic,lp-covercrypt,089a548,"SEC::LOW","SEC::MED && DPT::$ && CTR::EN","SEC::MED && DPT::$ && CTR::EN",same,24,1049,"01",178,success,300,150480294,501600.980,1,2
classic,lp-covercrypt,089a548,"SEC::LOW","SEC::$ && CTR::$","SEC::$ && CTR::$",different,20,894,"01",178,success,300,126588598,421961.993,1,2
classic,lp-covercrypt,089a548,"SEC::LOW && CTR::EN","SEC::LOW && CTR::EN","SEC::LOW && CTR::EN",different,4,307,"0108",178,success,300,53782543,179275.143,1,2
classic,lp-covercrypt,089a548,"SEC::LOW && CTR::EN","SEC::$ && CTR::EN","SEC::$ && CTR::EN",different,10,526,"0108",178,success,300,81477100,271590.333,1,2
classic,lp-covercrypt,089a548,"SEC::LOW && CTR::EN","SEC::$ && CTR::$","SEC::$ && CTR::$",different,20,894,"0108",178,success,300,124238691,414128.970,1,2
classic,lp-covercrypt,089a548,"SEC::LOW && CTR::EN","SEC::$ && DPT::DEV && CTR::EN","SEC::$ && DPT::DEV && CTR::EN",same,20,899,"0108",178,success,300,124327537,414425.123,1,2
classic,lp-covercrypt,089a548,"SEC::LOW && CTR::$","SEC::LOW && CTR::$","SEC::LOW && CTR::$",different,8,453,"0107",178,success,300,71269363,237564.543,1,2
classic,lp-covercrypt,089a548,"SEC::LOW && CTR::$","SEC::MED && CTR::$","SEC::MED && CTR::$",different,12,600,"0107",178,success,300,85610033,285366.777,1,2
classic,lp-covercrypt,089a548,"SEC::LOW && DPT::DEV","SEC::MED && DPT::DEV && CTR::$","SEC::MED && DPT::DEV && CTR::$",same,24,1049,"0105",178,success,300,149115283,497050.943,1,2
classic,lp-covercrypt,089a548,"SEC::LOW && DPT::DEV","SEC::MED && DPT::$ && CTR::EN","SEC::MED && DPT::$ && CTR::EN",same,24,1049,"0105",178,success,300,134261591,447538.637,1,2
classic,lp-covercrypt,089a548,"SEC::LOW && DPT::DEV","SEC::HIG && DPT::$ && CTR::EN","SEC::HIG && DPT::$ && CTR::EN",same,32,1347,"0105",178,success,300,171510200,571700.667,1,2
classic,lp-covercrypt,089a548,"SEC::LOW && DPT::DEV && CTR::EN","SEC::HIG && CTR::EN","SEC::HIG && CTR::EN",different,8,453,"010508",178,failure,300,84928835,283096.117,1,2
classic,lp-covercrypt,089a548,"SEC::LOW && DPT::DEV && CTR::$","SEC::HIG && DPT::$ && CTR::EN","SEC::HIG && DPT::$ && CTR::EN",same,32,1347,"010507",178,failure,300,292950492,976501.640,1,2
classic,lp-covercrypt,089a548,"SEC::LOW && DPT::MKG","SEC::$ && DPT::DEV","SEC::$ && DPT::DEV",different,10,526,"0106",178,failure,300,101634110,338780.367,1,2
classic,lp-covercrypt,089a548,"SEC::LOW && DPT::MKG","SEC::$ && DPT::$ && CTR::$","SEC::$ && DPT::$ && CTR::$",same,80,3147,"0106",178,success,300,356672679,1188908.930,1,2
classic,lp-covercrypt,089a548,"SEC::LOW && DPT::MKG && CTR::EN","SEC::LOW && DPT::MKG && CTR::EN","SEC::LOW && DPT::MKG && CTR::EN",same,8,455,"010608",178,success,300,72826384,242754.613,1,2
classic,lp-covercrypt,089a548,"SEC::LOW && DPT::MKG && CTR::EN","SEC::LOW && DPT::MKG && CTR::$","SEC::LOW && DPT::MKG && CTR::$",same,16,751,"010608",178,success,300,102063826,340212.753,1,2
classic,lp-covercrypt,089a548,"SEC::LOW && DPT::MKG && CTR::FR","DPT::$ && CTR::$","DPT::$ && CTR::$",different,16,747,"010609",178,failure,300,154825304,516084.347,1,2
classic,lp-covercrypt,089a548,"SEC::LOW && DPT::MKG && CTR::FR","SEC::$ && DPT::MKG","SEC::$ && DPT::MKG",different,10,526,"010609",178,failure,300,103187514,343958.380,1,2
classic,lp-covercrypt,089a548,"SEC::LOW && DPT::MKG && CTR::$","SEC::$ && DPT::MKG","SEC::$ && DPT::MKG",different,10,526,"010607",178,failure,300,103484100,344947.000,1,2
classic,lp-covercrypt,089a548,"SEC::LOW && DPT::$ && CTR::EN","SEC::MED && DPT::MKG && CTR::FR","SEC::MED && DPT::MKG && CTR::FR",same,12,603,"010408",178,failure,300,120761288,402537.627,1,2
classic,lp-covercrypt,089a548,"SEC::LOW && DPT::$ && CTR::$","CTR::FR","CTR::FR",different,2,234,"010407",178,failure,300,34370651,114568.837,1,2
classic,lp-covercrypt,089a548,"SEC::LOW && DPT::$ && CTR::$","SEC::$ && DPT::MKG && CTR::$","SEC::$ && DPT::MKG && CTR::$",same,40,1645,"010407",178,failure,300,351307475,1171024.917,1,2
classic,lp-covercrypt,089a548,"SEC::MED","SEC::HIG","SEC::HIG",different,4,306,"02",178,success,300,51668036,172226.787,1,2
classic,lp-covercrypt,089a548,"SEC::MED","SEC::$ && DPT::DEV","SEC::$ && DPT::DEV",different,10,526,"02",178,success,300,77752845,259176.150,1,2
classic,lp-covercrypt,089a548,"SEC::MED","SEC::$ && DPT::$ && CTR::FR","SEC::$ && DPT::$ && CTR::FR",same,40,1645,"02",178,success,300,187658611,625528.703,1,2
classic,lp-covercrypt,089a548,"SEC::MED && CTR::EN","SEC::$ && DPT::$ && CTR::EN","SEC::$ && DPT::$ && CTR::EN",same,40,1645,"0208",178,success,300,217149959,723833.197,1,2
classic,lp-covercrypt,089a548,"SEC::MED && CTR::FR","SEC::MED && CTR::FR","SEC::MED && CTR::FR",different,6,380,"0209",178,success,300,61137428,203791.427,1,2
classic,lp-covercrypt,089a548,"SEC::MED && CTR::$","SEC::HIG && CTR::$","SEC::HIG && CTR::$",different,16,747,"0207",178,success,300,106191839,353972.797,1,2
classic,lp-covercrypt,089a548,"SEC::MED && CTR::$","SEC::HIG && DPT::DEV && CTR::EN","SEC::HIG && DPT::DEV && CTR::EN",same,16,751,"0207",178,failure,300,147499963,491666.543,1,2
classic,lp-covercrypt,089a548,"SEC::MED && DPT::DEV && CTR::EN","SEC::HIG && CTR::$","SEC::HIG && CTR::$",different,16,747,"020508",178,failure,300,147606443,492021.477,1,2
classic,lp-covercrypt,089a548,"SEC::MED && DPT::DEV && CTR::FR","SEC::LOW && DPT::MKG && CTR::EN","SEC::LOW && DPT::MKG && CTR::EN",same,8,455,"020509",178,failure,300,81899183,272997.277,1,2
classic,lp-covercrypt,089a548,"SEC::MED && DPT::DEV && CTR::FR","SEC::HIG","SEC::HIG",different,4,306,"020509",178,failure,300,49118504,163728.347,1,2
classic,lp-covercrypt,089a548,"SEC::MED && DPT::DEV && CTR::$","SEC::$ && DPT::MKG && CTR::EN","SEC::$ && DPT::MKG && CTR::EN",same,20,899,"020507",178,failure,300,181265609,604218.697,1,2
classic,lp-covercrypt,089a548,"SEC::MED && DPT::MKG && CTR::EN","SEC::$ && DPT::MKG && CTR::EN","SEC::$ && DPT::MKG && CTR::EN",same,20,899,"020608",178,success,300,127444213,424814.043,1,2
classic,lp-covercrypt,089a548,"SEC::MED && DPT::MKG && CTR::FR","CTR::EN","CTR::EN",different,2,234,"020609",178,failure,300,33021280,110070.933,1,2
classic,lp-covercrypt,089a548,"SEC::MED && DPT::MKG && CTR::FR","SEC::MED && CTR::FR","SEC::MED && CTR::FR",different,6,380,"020609",178,failure,300,66363040,221210.133,1,2
classic,lp-covercrypt,089a548,"SEC::MED && DPT::MKG && CTR::$","DPT::$ && CTR::$","DPT::$ && CTR::$",different,16,747,"020607",178,failure,300,148162236,493874.120,1,2
classic,lp-covercrypt,089a548,"SEC::MED && DPT::$","CTR::$","CTR::$",different,4,306,"0204",178,failure,300,49070184,163567.280,1,2
classic,lp-covercrypt,089a548,"SEC::MED && DPT::$","SEC::HIG","SEC::HIG",different,4,306,"0204",178,failure,300,49182404,163941.347,1,2
classic,lp-covercrypt,089a548,"SEC::MED && DPT::$","SEC::$ && DPT::MKG && CTR::FR","SEC::$ && DPT::MKG && CTR::FR",same,20,899,"0204",178,failure,300,180548073,601826.910,1,2
classic,lp-covercrypt,089a548,"SEC::MED && DPT::$ && CTR::EN","CTR::FR","CTR::FR",different,2,234,"020408",178,failure,300,32716478,109054.927,1,2
classic,lp-covercrypt,089a548,"SEC::MED && DPT::$ && CTR::FR","SEC::LOW && DPT::DEV","SEC::LOW && DPT::DEV",different,4,307,"020409",178,failure,300,49093377,163644.590,1,2
classic,lp-covercrypt,089a548,"SEC::HIG","DPT::MKG","DPT::MKG",different,2,234,"03",178,failure,300,32677645,108925.483,1,2
classic,lp-covercrypt,089a548,"SEC::HIG","SEC::MED && DPT::MKG && CTR::EN","SEC::MED && DPT::MKG && CTR::EN",same,12,603,"03",178,failure,300,114922015,383073.383,1,2
classic,lp-covercrypt,089a548,"SEC::HIG","SEC::HIG && DPT::$","SEC::HIG && DPT::$",different,16,747,"03",178,success,300,99038181,330127.270,1,2
classic,lp-covercrypt,089a548,"SEC::HIG","SEC::$ && DPT::$ && CTR::$","SEC::$ && DPT::$ && CTR::$",same,80,3147,"03",178,success,300,345015082,1150050.273,1,2
classic,lp-covercrypt,089a548,"SEC::HIG && CTR::EN","DPT::$ && CTR::EN","DPT::$ && CTR::EN",different,8,453,"0308",178,failure,300,82317127,274390.423,1,2
classic,lp-covercrypt,089a548,"SEC::HIG && CTR::EN","SEC::HIG && DPT::MKG && CTR::$","SEC::HIG && DPT::MKG && CTR::$",same,32,1347,"0308",178,success,300,169628961,565429.870,1,2
classic,lp-covercrypt,089a548,"SEC::HIG && CTR::FR","SEC::LOW && DPT::$ && CTR::$","SEC::LOW && DPT::$ && CTR::$",same,32,1347,"0309",178,failure,300,280601108,935337.027,1,2
classic,lp-covercrypt,089a548,"SEC::HIG && CTR::FR","SEC::$ && DPT::DEV","SEC::$ && DPT::DEV",different,10,526,"0309",178,failure,300,98235014,327450.047,1,2
classic,lp-covercrypt,089a548,"SEC::HIG && CTR::$","SEC::MED && CTR::EN","SEC::MED && CTR::EN",different,6,380,"0307",178,failure,300,65691040,218970.133,1,2
classic,lp-covercrypt,089a548,"SEC::HIG && DPT::DEV && CTR::FR","DPT::MKG && CTR::EN","DPT::MKG && CTR::EN",different,4,307,"030509",178,failure,300,49161835,163872.783,1,2
classic,lp-covercrypt,089a548,"SEC::HIG && DPT::MKG","SEC::$ && DPT::$","SEC::$ && DPT::$",different,20,894,"0306",178,success,300,119114198,397047.327,1,2
classic,lp-covercrypt,089a548,"SEC::HIG && DPT::MKG && CTR::EN","SEC::$ && DPT::MKG","SEC::$ && DPT::MKG",different,10,526,"030608",178,failure,300,100683877,335612.923,1,2
classic,lp-covercrypt,089a548,"SEC::HIG && DPT::$","DPT::$ && CTR::EN","DPT::$ && CTR::EN",different,8,453,"0304",178,failure,300,85964468,286548.227,1,2
classic,lp-covercrypt,089a548,"SEC::HIG && DPT::$","SEC::$ && DPT::DEV","SEC::$ && DPT::DEV",different,10,526,"0304",178,failure,300,103360648,344535.493,1,2
classic,lp-covercrypt,089a548,"SEC::HIG && DPT::$ && CTR::FR","SEC::MED && CTR::$","SEC::MED && CTR::$",different,12,600,"030409",178,failure,300,120781136,402603.787,1,2
classic,lp-covercrypt,089a548,"SEC::HIG && DPT::$ && CTR::$","DPT::DEV && CTR::EN","DPT::DEV && CTR::EN",different,4,307,"030407",178,failure,300,50980406,169934.687,1,2
classic,lp-covercrypt,089a548,"SEC::$ && CTR::EN","CTR::EN","CTR::EN",different,2,234,"0008",178,failure,300,32601051,108670.170,1,2
classic,lp-covercrypt,089a548,"SEC::$ && CTR::EN","SEC::MED && DPT::MKG && CTR::EN","SEC::MED && DPT::MKG && CTR::EN",same,12,603,"0008",178,failure,300,115172084,383906.947,1,2
classic,lp-covercrypt,089a548,"SEC::$ && DPT::DEV","DPT::DEV && CTR::EN","DPT::DEV && CTR::EN",different,4,307,"0005",178,failure,300,49428215,164760.717,1,2
classic,lp-covercrypt,089a548,"SEC::$ && DPT::DEV","SEC::$ && DPT::$","SEC::$ && DPT::$",different,20,894,"0005",178,success,300,113267652,377558.840,1,2
classic,lp-covercrypt,089a548,"SEC::$ && DPT::DEV && CTR::FR","SEC::MED && CTR::FR","SEC::MED && CTR::FR",different,6,380,"000509",178,failure,300,66806572,222688.573,1,2
classic,lp-covercrypt,089a548,"SEC::$ && DPT::DEV && CTR::$","SEC::MED && DPT::DEV && CTR::EN","SEC::MED && DPT::DEV && CTR::EN",same,12,603,"000507",178,failure,300,115179558,383931.860,1,2
classic,lp-covercrypt,089a548,"SEC::$ && DPT::DEV && CTR::$","SEC::MED && DPT::$ && CTR::FR","SEC::MED && DPT::$ && CTR::FR",same,24,1049,"000507",178,failure,300,212644658,708815.527,1,2
classic,lp-covercrypt,089a548,"SEC::$ && DPT::MKG","SEC::$ && CTR::EN","SEC::$ && CTR::EN",different,10,526,"0006",178,failure,300,98180402,327268.007,1,2
classic,lp-covercrypt,089a548,"SEC::$ && DPT::MKG && CTR::FR","SEC::LOW && DPT::DEV && CTR::EN","SEC::LOW && DPT::DEV && CTR::EN",same,8,455,"000609",178,failure,300,81456312,271521.040,1,2
classic,lp-covercrypt,089a548,"SEC::$ && DPT::MKG && CTR::$","DPT::MKG && CTR::$","DPT::MKG && CTR::$",different,8,453,"000607",178,failure,300,82308050,274360.167,1,2
classic,lp-covercrypt,089a548,"SEC::$ && DPT::MKG && CTR::$","SEC::LOW && DPT::MKG && CTR::EN","SEC::LOW && DPT::MKG && CTR::EN",same,8,455,"000607",178,failure,300,82887866,276292.887,1,2
classic,lp-covercrypt,089a548,"SEC::$ && DPT::MKG && CTR::$","SEC::$ && DPT::DEV","SEC::$ && DPT::DEV",different,10,526,"000607",178,failure,300,98167698,327225.660,1,2
classic,lp-covercrypt,089a548,"SEC::$ && DPT::$","SEC::MED && DPT::DEV && CTR::$","SEC::MED && DPT::DEV && CTR::$",same,24,1049,"0004",178,failure,300,213392982,711309.940,1,2
classic,lp-covercrypt,089a548,"SEC::$ && DPT::$","SEC::$ && DPT::DEV","SEC::$ && DPT::DEV",different,10,526,"0004",178,failure,300,99265147,330883.823,1,2
classic,lp-covercrypt,089a548,"SEC::$ && DPT::$ && CTR::EN","SEC::$ && DPT::DEV","SEC::$ && DPT::DEV",different,10,526,"000408",178,failure,300,99685786,332285.953,1,2
classic,lp-covercrypt,089a548,"SEC::$ && DPT::$ && CTR::$","SEC::MED && DPT::DEV && CTR::$","SEC::MED && DPT::DEV && CTR::$",same,24,1049,"000407",178,failure,300,217369912,724566.373,1,2
